<?xml version="1.0" encoding="UTF-8" standalone="yes"?>
<mets xmlns:xsi="http://www.w3.org/2001/XMLSchema-instance" xmlns="http://www.loc.gov/METS/" xmlns:xlink="http://www.w3.org/1999/xlink" OBJID="uuid-01c5a56d-83ef-4945-8359-80f7dff4a9fe" LABEL="" TYPE="SIP:MIXED" PROFILE="http://www.eark-project.com/METS/IP.xml" xsi:schemaLocation="http://www.loc.gov/METS/ schemas/IP.xsd http://www.w3.org/1999/xlink schemas/xlink.xsd">
    <metsHdr CREATEDATE="2022-11-08T23:53:11.777-05:00" LASTMODDATE="2022-11-08T23:53:11.777-05:00" RECORDSTATUS="NEW">
        <agent ROLE="CREATOR" TYPE="OTHER" OTHERTYPE="SOFTWARE">
            <name>RODA-in 2.5.0</name>
            <note></note>
        </agent>
    </metsHdr>
    <dmdSec ID="uuid-40090851-E346-416B-8263-2DEE4FAE1897" CREATED="2022-11-08T23:53:11.777-05:00">
        <mdRef ID="metadata.xml" LOCTYPE="URL" MDTYPE="DC" xlink:type="simple" xlink:href="metadata%2Fdescriptive%2Fmetadata.xml" MIMETYPE="application/xml" SIZE="1859" CREATED="2022-11-08T23:53:11.777-05:00" CHECKSUM="340CFB424810F75D2BA18972C78A48E6663B69B57458629FA27A997DF6FC84CF" CHECKSUMTYPE="SHA-256"/>
    </dmdSec>
    <amdSec ID="uuid-7A6A203A-1A9F-425D-A959-A117053DA787"/>
    <fileSec ID="uuid-51EF8F86-96D6-4B0A-8762-EC0F9DA532DE">
        <fileGrp ID="uuid-C9095C52-D38F-4CFC-A5B5-E0375C5F2F4B" USE="Common Specification files root">
            <fileGrp ID="uuid-381DA8F7-352E-4971-A3F0-5E52A64D8C32" USE="representations"/>
            <fileGrp ID="uuid-6269F6DC-F35A-45BD-961D-2B8E26C2CDD7" USE="data"/>
            <fileGrp ID="uuid-2A800653-5962-41BE-BE5B-DB2230C7B796" USE="schemas">
                <file ID="uuid-DA6C1D06-D8B5-4F3D-A327-9F714A1977BA" MIMETYPE="application/octet-stream" SIZE="135096" CREATED="2022-11-08T23:53:11.784-05:00" CHECKSUM="77A6684B3228B1857E0F325C1656A208F2FA12F76AA12A0C9E92853B70EF42C2" CHECKSUMTYPE="SHA-256">
                    <FLocat LOCTYPE="URL" xlink:type="simple" xlink:href="schemas%2Fmets.xsd"/>
                </file>
                <file ID="uuid-040F9ED4-0FE9-4F4B-AA85-9222252A2F07" MIMETYPE="application/octet-stream" SIZE="3180" CREATED="2022-11-08T23:53:11.784-05:00" CHECKSUM="F1F5BB6003165CDD8F6C1FCC32F8FD1F965E1681010F3B9806D9460BCFFA8A3C" CHECKSUMTYPE="SHA-256">
                    <FLocat LOCTYPE="URL" xlink:type="simple" xlink:href="schemas%2Fxlink.xsd"/>
                </file>
            </fileGrp>
            <fileGrp ID="uuid-AB32EE2B-5393-4F43-85CC-3A1817152AA1" USE="submission"/>
            <fileGrp ID="uuid-5C606F0C-6F96-40CF-A950-90691A209402" USE="documentation"/>
        </fileGrp>
    </fileSec>
    <structMap ID="uuid-336BF453-D368-43E3-A12A-7F0CFB4D26A5" TYPE="physical" LABEL="Common Specification structural map">
        <div ID="uuid-1390CD5E-98BF-4BB7-8DA8-EBB3955F88CF" LABEL="uuid-01c5a56d-83ef-4945-8359-80f7dff4a9fe">
            <div ID="uuid-93A50CD4-2A83-487A-ACA3-15EB9E169A76" LABEL="metadata">
                <div ID="uuid-358AC06D-7666-4699-9876-8935B9A40BA8" LABEL="descriptive">
                    <fptr FILEID="metadata.xml"/>
                </div>
                <div ID="uuid-78F19D2C-E749-4985-9E56-30FA777AEB7C" LABEL="preservation"/>
                <div ID="uuid-A3532430-B39C-4B05-9A3D-58E0C088E34A" LABEL="other"/>
            </div>
            <div ID="uuid-D160ED01-4786-4C5E-891E-1048EF60871F" LABEL="representations">
                <div ID="uuid-2D05CDD8-2CE3-4723-BC57-C1D8ED1A0848" LABEL="rep1">
                    <mptr xlink:type="simple" xlink:href="representations%2Frep1%2FMETS.xml" LOCTYPE="URL"/>
                </div>
            </div>
            <div ID="uuid-A09BD45C-B6AC-4AFF-A665-A63CC36A5D3C" LABEL="data"/>
            <div ID="uuid-85568241-7CCE-4B36-8A40-05BF8A409EB9" LABEL="schemas">
                <fptr FILEID="uuid-DA6C1D06-D8B5-4F3D-A327-9F714A1977BA"/>
                <fptr FILEID="uuid-040F9ED4-0FE9-4F4B-AA85-9222252A2F07"/>
            </div>
            <div ID="uuid-2969DBE7-0D25-4244-98C7-DF289E083711" LABEL="documentation"/>
            <div ID="uuid-2FFB42A7-F3BB-4C59-9280-D3B5B84E3B3F" LABEL="submission"/>
        </div>
    </structMap>
</mets>
