<?xml version="1.0" encoding="UTF-8" standalone="yes"?>
<mets xmlns:xsi="http://www.w3.org/2001/XMLSchema-instance" xmlns="http://www.loc.gov/METS/" xmlns:xlink="http://www.w3.org/1999/xlink" OBJID="rep1" LABEL="" TYPE="representation:MIXED" PROFILE="" xsi:schemaLocation="http://www.loc.gov/METS/ ../../schemas/IP.xsd http://www.w3.org/1999/xlink ../../schemas/xlink.xsd">
    <metsHdr CREATEDATE="2022-11-08T23:53:12.099-05:00" LASTMODDATE="2022-11-08T23:53:12.099-05:00" RECORDSTATUS="NEW"/>
    <amdSec ID="uuid-8108AF16-5EBA-412A-865B-7ACD06418CC1"/>
    <fileSec ID="uuid-A5DA343E-960F-4DEE-996D-D235CDDA0C6E">
        <fileGrp ID="uuid-3E4292F0-A7AC-42C3-A465-B8CBFB2C9D9F" USE="Common Specification files representation rep1">
            <fileGrp ID="uuid-F80CE892-991F-4542-ABA6-833A7B00C9F1" USE="representations"/>
            <fileGrp ID="uuid-4C892A9E-7076-4875-83A2-CE961F8704D3" USE="data">
                <file ID="uuid-488198B1-CB46-4F54-9958-C46430A957E1" MIMETYPE="text/plain" SIZE="1342" CREATED="2022-11-08T23:53:12.099-05:00" CHECKSUM="8F96D4668C53248630891EA923E23934FD5F2AC52B0576028DE9A5D290BA16B5" CHECKSUMTYPE="SHA-256">
                    <FLocat LOCTYPE="URL" xlink:type="simple" xlink:href="data%2Fmetadata.txt"/>
                </file>
                <file ID="uuid-EE15511E-4E7C-4759-8F4D-29F65D1C99FD" MIMETYPE="application/octet-stream" SIZE="6148" CREATED="2022-11-08T23:53:12.100-05:00" CHECKSUM="424D84E8CEFAC9FD10141D8D95937A93E86BFE41D97D791D7BC5AB4FAFECE008" CHECKSUMTYPE="SHA-256">
                    <FLocat LOCTYPE="URL" xlink:type="simple" xlink:href="data%2F.DS_Store"/>
                </file>
                <file ID="uuid-6A655E0A-56AB-4966-963C-675AE2DC7CDE" MIMETYPE="text/csv" SIZE="3683" CREATED="2022-11-08T23:53:12.100-05:00" CHECKSUM="0C3644873C8598147F23496198E5D8346584E4AAFC481E73A3F0C2C7044F578C" CHECKSUMTYPE="SHA-256">
                    <FLocat LOCTYPE="URL" xlink:type="simple" xlink:href="data%2Fdata.csv"/>
                </file>
                <file ID="uuid-B0F97E47-FFDE-4973-92F4-84C1768B3025" MIMETYPE="text/x-hdf5" SIZE="12591" CREATED="2022-11-08T23:53:12.101-05:00" CHECKSUM="51B372B1F4272991F4484B725030BB2AA5AB4B9AD1155106FAA1C80491B07346" CHECKSUMTYPE="SHA-256">
                    <FLocat LOCTYPE="URL" xlink:type="simple" xlink:href="data%2Fdata.hdf5"/>
                </file>
            </fileGrp>
            <fileGrp ID="uuid-91596353-9220-4B07-9EBD-7F68A84CAD77" USE="schemas"/>
            <fileGrp ID="uuid-1F2A0375-FC49-4623-A361-FCADF22B33A5" USE="submission"/>
            <fileGrp ID="uuid-55520B7D-20A4-4B4C-B1B7-48010E2070B7" USE="documentation"/>
        </fileGrp>
    </fileSec>
    <structMap ID="uuid-43BD26AF-EC6B-4F6F-8E17-583EF69E4901" TYPE="physical" LABEL="Common Specification structural map">
        <div ID="uuid-E6C58772-C16C-4CE3-9EAC-769C2C38AD64" TYPE="ORIGINAL" LABEL="rep1">
            <div ID="uuid-4CDC6D6E-5741-42C2-9F2E-0D952B21942B" LABEL="metadata">
                <div ID="uuid-CFF30D01-1CE4-41FC-8847-15C87ECECF76" LABEL="descriptive"/>
                <div ID="uuid-04079D01-355A-4A42-8CA3-D57BAD70E06A" LABEL="preservation"/>
                <div ID="uuid-DBF29572-573B-4FA0-A812-B062DDA5325D" LABEL="other"/>
            </div>
            <div ID="uuid-AC739EA3-3AD7-40A7-AB8E-8069C9F6FB5A" LABEL="representations"/>
            <div ID="uuid-63F58B1D-C625-4C82-A4A4-B071FD9C23ED" LABEL="data">
                <fptr FILEID="uuid-488198B1-CB46-4F54-9958-C46430A957E1"/>
                <fptr FILEID="uuid-EE15511E-4E7C-4759-8F4D-29F65D1C99FD"/>
                <fptr FILEID="uuid-6A655E0A-56AB-4966-963C-675AE2DC7CDE"/>
                <fptr FILEID="uuid-B0F97E47-FFDE-4973-92F4-84C1768B3025"/>
            </div>
            <div ID="uuid-E67128D8-AD56-4B1C-80BC-D5DC5F6727CF" LABEL="schemas"/>
            <div ID="uuid-3B9FFAF2-0950-40DB-8814-6732573FC3DE" LABEL="documentation"/>
            <div ID="uuid-1C01D6DC-2709-41CD-A31B-9752CE2C3EFF" LABEL="submission"/>
        </div>
    </structMap>
</mets>
