<?xml version="1.0" encoding="UTF-8" standalone="yes"?>
<mets xmlns:xsi="http://www.w3.org/2001/XMLSchema-instance" xmlns="http://www.loc.gov/METS/" xmlns:xlink="http://www.w3.org/1999/xlink" OBJID="rep1" LABEL="" TYPE="representation:MIXED" PROFILE="" xsi:schemaLocation="http://www.loc.gov/METS/ ../../schemas/IP.xsd http://www.w3.org/1999/xlink ../../schemas/xlink.xsd">
    <metsHdr CREATEDATE="2022-11-08T23:53:11.778-05:00" LASTMODDATE="2022-11-08T23:53:11.778-05:00" RECORDSTATUS="NEW"/>
    <amdSec ID="uuid-6490A2BE-FCBF-4F6A-BF3C-958FF9694D45"/>
    <fileSec ID="uuid-8351DF95-89F3-4D72-A680-A585B100B4E3">
        <fileGrp ID="uuid-951FF0D4-D512-41E4-8D0E-3C6DEABB0B4E" USE="Common Specification files representation rep1">
            <fileGrp ID="uuid-26FA7793-EB66-4007-9CFF-D6D97BE20798" USE="representations"/>
            <fileGrp ID="uuid-43AC9129-746D-421B-95FC-B5E372188B1A" USE="data">
                <file ID="uuid-105B2F6D-0B56-4FD9-A9DD-40891A9E6871" MIMETYPE="text/plain" SIZE="1130" CREATED="2022-11-08T23:53:11.778-05:00" CHECKSUM="7A199C88CDD98BD05D0EFD0B60B6FBCC4AC0D6B93CBEC7E7B83E752417EA93A8" CHECKSUMTYPE="SHA-256">
                    <FLocat LOCTYPE="URL" xlink:type="simple" xlink:href="data%2Fmetadata.txt"/>
                </file>
                <file ID="uuid-356EE17E-B71A-4D49-BA04-FC6156FD39F1" MIMETYPE="text/x-hdf5" SIZE="13376" CREATED="2022-11-08T23:53:11.779-05:00" CHECKSUM="D50D6DDF2EBC1FAE7D33F424410C6780A9AAE6F4F953963923246F290529BD27" CHECKSUMTYPE="SHA-256">
                    <FLocat LOCTYPE="URL" xlink:type="simple" xlink:href="data%2Fdata.hdf5"/>
                </file>
                <file ID="uuid-003A9BA0-0760-4B03-9A25-6FBA1E5352C7" MIMETYPE="text/csv" SIZE="3742" CREATED="2022-11-08T23:53:11.780-05:00" CHECKSUM="535560F92C2F98B453AD273CD30E8EF1EB273A508B72916362E30882058628C6" CHECKSUMTYPE="SHA-256">
                    <FLocat LOCTYPE="URL" xlink:type="simple" xlink:href="data%2Fdata.csv"/>
                </file>
            </fileGrp>
            <fileGrp ID="uuid-FF700DF3-D37C-4307-B133-84F5C1E70F6E" USE="schemas"/>
            <fileGrp ID="uuid-BBFEBDB3-1E45-491B-B62F-B03C73198614" USE="submission"/>
            <fileGrp ID="uuid-8206C496-8EF4-41A8-B012-88E419BD11B4" USE="documentation"/>
        </fileGrp>
    </fileSec>
    <structMap ID="uuid-247BED83-3179-4A68-8FEC-329F701E8EFB" TYPE="physical" LABEL="Common Specification structural map">
        <div ID="uuid-F85F3590-7396-4D02-9084-C7257ECF8661" TYPE="ORIGINAL" LABEL="rep1">
            <div ID="uuid-3319D153-AA05-43EB-8784-8B476435672B" LABEL="metadata">
                <div ID="uuid-AB9AEA50-3E9C-4536-8637-B6E880517077" LABEL="descriptive"/>
                <div ID="uuid-2D282F74-5636-4A4D-B76C-FA059365D641" LABEL="preservation"/>
                <div ID="uuid-EE594B78-4CA1-454A-A6E7-A6BFA89B597B" LABEL="other"/>
            </div>
            <div ID="uuid-86F05E41-A6C3-4D6C-907E-40BDE449C703" LABEL="representations"/>
            <div ID="uuid-B3D2BCBF-9C33-4735-BD8E-FF369CB4B540" LABEL="data">
                <fptr FILEID="uuid-105B2F6D-0B56-4FD9-A9DD-40891A9E6871"/>
                <fptr FILEID="uuid-356EE17E-B71A-4D49-BA04-FC6156FD39F1"/>
                <fptr FILEID="uuid-003A9BA0-0760-4B03-9A25-6FBA1E5352C7"/>
            </div>
            <div ID="uuid-5E6AC733-1385-4851-967F-5C40C349D5A5" LABEL="schemas"/>
            <div ID="uuid-A38319E7-0C01-4DB8-A197-669695FE9FF0" LABEL="documentation"/>
            <div ID="uuid-D49C4030-9E5F-4880-9B70-BAD7B623E322" LABEL="submission"/>
        </div>
    </structMap>
</mets>
