<?xml version="1.0" encoding="UTF-8" standalone="yes"?>
<mets xmlns:xsi="http://www.w3.org/2001/XMLSchema-instance" xmlns="http://www.loc.gov/METS/" xmlns:xlink="http://www.w3.org/1999/xlink" OBJID="uuid-afd5f24e-5e2f-476b-a7eb-da01067daff5" LABEL="" TYPE="SIP:MIXED" PROFILE="http://www.eark-project.com/METS/IP.xml" xsi:schemaLocation="http://www.loc.gov/METS/ schemas/IP.xsd http://www.w3.org/1999/xlink schemas/xlink.xsd">
    <metsHdr CREATEDATE="2022-11-08T23:53:12.098-05:00" LASTMODDATE="2022-11-08T23:53:12.098-05:00" RECORDSTATUS="NEW">
        <agent ROLE="CREATOR" TYPE="OTHER" OTHERTYPE="SOFTWARE">
            <name>RODA-in 2.5.0</name>
            <note></note>
        </agent>
        <agent ROLE="CREATOR" TYPE="OTHER" OTHERTYPE="SOFTWARE">
            <name>RODA-in 2.5.0</name>
            <note></note>
        </agent>
    </metsHdr>
    <dmdSec ID="uuid-BBE0BA0C-C6F2-49D4-8438-A1261E47D396" CREATED="2022-11-08T23:53:12.098-05:00">
        <mdRef ID="metadata.xml" LOCTYPE="URL" MDTYPE="DC" xlink:type="simple" xlink:href="metadata%2Fdescriptive%2Fmetadata.xml" MIMETYPE="application/xml" SIZE="2108" CREATED="2022-11-08T23:53:12.098-05:00" CHECKSUM="43314CE4FA23FC5C311588430000186AE2CA15F5891326DC3788C6A4A554F408" CHECKSUMTYPE="SHA-256"/>
    </dmdSec>
    <amdSec ID="uuid-495800DA-CABB-437F-AB87-71A94C33884D"/>
    <fileSec ID="uuid-50137073-6431-4028-BD7C-C1D8C2E87582">
        <fileGrp ID="uuid-C1F324F4-CB8A-465B-954C-E99523D95F73" USE="Common Specification files root">
            <fileGrp ID="uuid-E203F76C-B832-4CBF-AB9F-4EBD375E3381" USE="representations"/>
            <fileGrp ID="uuid-D8341A2D-714E-4196-BC65-AC2ED882B665" USE="data"/>
            <fileGrp ID="uuid-CD39BDD6-942A-4EDF-9595-7D28560B2F03" USE="schemas">
                <file ID="uuid-3F8633B1-5EFA-4B3A-B24E-B23ED2A1BE94" MIMETYPE="application/octet-stream" SIZE="135096" CREATED="2022-11-08T23:53:12.103-05:00" CHECKSUM="77A6684B3228B1857E0F325C1656A208F2FA12F76AA12A0C9E92853B70EF42C2" CHECKSUMTYPE="SHA-256">
                    <FLocat LOCTYPE="URL" xlink:type="simple" xlink:href="schemas%2Fmets.xsd"/>
                </file>
                <file ID="uuid-64DC4564-F7C9-4021-A531-B5F2C675739B" MIMETYPE="application/octet-stream" SIZE="3180" CREATED="2022-11-08T23:53:12.103-05:00" CHECKSUM="F1F5BB6003165CDD8F6C1FCC32F8FD1F965E1681010F3B9806D9460BCFFA8A3C" CHECKSUMTYPE="SHA-256">
                    <FLocat LOCTYPE="URL" xlink:type="simple" xlink:href="schemas%2Fxlink.xsd"/>
                </file>
            </fileGrp>
            <fileGrp ID="uuid-5CAF2E97-6258-4E2F-9B20-1E14FE1A1F19" USE="submission"/>
            <fileGrp ID="uuid-E92B4A78-0A7C-444B-901A-5E88DDC0FE2E" USE="documentation"/>
        </fileGrp>
    </fileSec>
    <structMap ID="uuid-5539E11D-1D7E-4864-8892-D3473B288ED9" TYPE="physical" LABEL="Common Specification structural map">
        <div ID="uuid-5C7A7AB7-8EB8-4524-BF28-9A819CCE83D2" LABEL="uuid-afd5f24e-5e2f-476b-a7eb-da01067daff5">
            <div ID="uuid-ADB11F0C-1B97-411F-AB17-59DE816ED288" LABEL="metadata">
                <div ID="uuid-BF4BA44E-D957-4B97-99EF-E844E3B445EF" LABEL="descriptive">
                    <fptr FILEID="metadata.xml"/>
                </div>
                <div ID="uuid-201378E0-2115-4A44-9D9B-4CD93C899EE0" LABEL="preservation"/>
                <div ID="uuid-C5FE1EE3-2E54-4E2C-9134-E86BB82F8200" LABEL="other"/>
            </div>
            <div ID="uuid-8EA1C179-545E-4750-AEF3-401EBDCCB81D" LABEL="representations">
                <div ID="uuid-EF37E955-DED3-478E-998F-2C7A231C8BF5" LABEL="rep1">
                    <mptr xlink:type="simple" xlink:href="representations%2Frep1%2FMETS.xml" LOCTYPE="URL"/>
                </div>
            </div>
            <div ID="uuid-245FDD25-BB40-424A-9B3A-9670DDE4A76B" LABEL="data"/>
            <div ID="uuid-DB258055-D606-447F-B7A0-8A0A3B7773EC" LABEL="schemas">
                <fptr FILEID="uuid-3F8633B1-5EFA-4B3A-B24E-B23ED2A1BE94"/>
                <fptr FILEID="uuid-64DC4564-F7C9-4021-A531-B5F2C675739B"/>
            </div>
            <div ID="uuid-ED1A52EA-5944-4492-BF0D-8B57852A2556" LABEL="documentation"/>
            <div ID="uuid-1718C94D-FF00-48CC-BFB2-B393F44A2E88" LABEL="submission"/>
        </div>
    </structMap>
</mets>
